epoch,time,train/box_loss,train/cls_loss,train/l1_loss,metrics/precision(B),metrics/recall(B),metrics/mAP50(B),metrics/mAP50-95(B),val/box_loss,val/cls_loss,val/l1_loss,lr/pg0,lr/pg1,lr/pg2
1,42.1248,2.37881,3.98823,0.00567,0,0,0,0,0.59195,0.7802,0.00509,0.000664523,0.000664523,0.000664523
2,82.5904,2.08125,2.66906,0.00468,0,0,0,0,0.60415,0.82523,0.00458,0.00130483,0.00130483,0.00130483
3,122.492,2.40812,3.11346,0.00534,0,0,0,0,0.57757,0.91073,0.00384,0.00191874,0.00191874,0.00191874
4,162.415,2.45898,3.27009,0.00531,0,0,0,0,0.57258,0.94813,0.00437,0.0018812,0.0018812,0.0018812
5,202.186,2.55362,3.42174,0.00542,0,0,0,0,0.49334,1.10537,0.00318,0.0018416,0.0018416,0.0018416
6,242.073,2.45336,3.34587,0.00522,0,0,0,0,0.65188,1.03834,0.00424,0.001802,0.001802,0.001802
7,281.784,2.46449,3.44108,0.00502,0,0,0,0,0.63042,0.95113,0.00453,0.0017624,0.0017624,0.0017624
8,321.315,2.23286,3.02738,0.00464,0,0,0,0,0.6292,0.94466,0.00432,0.0017228,0.0017228,0.0017228
9,361.068,2.41076,3.28704,0.00504,0,0,0,0,0.58697,1.06995,0.00421,0.0016832,0.0016832,0.0016832
10,400.978,2.51737,3.50885,0.00494,0,0,0,0,0.63907,1.0448,0.00436,0.0016436,0.0016436,0.0016436
11,440.681,2.34586,3.21562,0.00486,0,0,0,0,0.61944,0.93551,0.00447,0.001604,0.001604,0.001604
12,480.325,2.45522,3.22841,0.00495,0,0,0,0,0.61505,1.23696,0.00388,0.0015644,0.0015644,0.0015644
13,519.947,2.27334,3.14613,0.00439,0,0,0,0,0.50406,1.01555,0.0035,0.0015248,0.0015248,0.0015248
14,559.751,2.44579,3.34411,0.00491,0,0,0,0,0.57818,1.14569,0.00374,0.0014852,0.0014852,0.0014852
15,599.471,2.42502,3.39218,0.00468,0,0,0,0,0.5677,1.07191,0.00401,0.0014456,0.0014456,0.0014456
16,639.451,2.48383,3.4585,0.00499,0,0,0,0,0.57101,1.22028,0.00367,0.001406,0.001406,0.001406
17,679.399,2.41745,3.38943,0.00477,0,0,0,0,0.52593,1.15836,0.00338,0.0013664,0.0013664,0.0013664
18,719.195,2.36686,3.32018,0.00467,0,0,0,0,0.56385,1.32151,0.00359,0.0013268,0.0013268,0.0013268
19,759.041,2.41122,3.42408,0.00476,0,0,0,0,0.6028,1.31707,0.00431,0.0012872,0.0012872,0.0012872
20,798.793,2.37586,3.28841,0.00451,0,0,0,0,0.55353,1.134,0.00391,0.0012476,0.0012476,0.0012476
21,838.505,2.34457,3.35194,0.00443,0,0,0,0,0.52695,0.99788,0.00329,0.001208,0.001208,0.001208
22,878.24,2.39535,3.48614,0.00477,0,0,0,0,0.55352,1.08644,0.00351,0.0011684,0.0011684,0.0011684
23,917.975,2.43289,3.45976,0.00481,0,0,0,0,0.56911,1.11788,0.00391,0.0011288,0.0011288,0.0011288
24,957.731,2.37576,3.48769,0.00474,0,0,0,0,0.5221,1.13194,0.00331,0.0010892,0.0010892,0.0010892
25,997.344,2.20592,3.33818,0.0045,0,0,0,0,0.55783,1.25981,0.00372,0.0010496,0.0010496,0.0010496
26,1037.24,2.34816,3.42308,0.00474,0,0,0,0,0.53536,1.41516,0.00356,0.00101,0.00101,0.00101
27,1076.97,2.33756,3.32925,0.00478,0,0,0,0,0.52239,1.06912,0.00352,0.0009704,0.0009704,0.0009704
28,1116.78,2.25882,3.47884,0.00432,0,0,0,0,0.50103,1.33314,0.00319,0.0009308,0.0009308,0.0009308
29,1156.46,2.21,3.37041,0.00437,0,0,0,0,0.58661,1.22306,0.00414,0.0008912,0.0008912,0.0008912
30,1196.35,2.43231,3.50587,0.00478,0,0,0,0,0.61147,1.23124,0.00394,0.0008516,0.0008516,0.0008516
31,1236.11,2.19258,3.26949,0.00434,0,0,0,0,0.47192,1.14174,0.00298,0.000812,0.000812,0.000812
32,1275.73,2.1485,3.31844,0.00418,0,0,0,0,0.48873,1.21699,0.00316,0.0007724,0.0007724,0.0007724
33,1315.33,2.23635,3.43173,0.00428,0,0,0,0,0.49461,1.23774,0.00321,0.0007328,0.0007328,0.0007328
34,1355.08,2.30888,3.46544,0.00454,0,0,0,0,0.49466,1.15019,0.0032,0.0006932,0.0006932,0.0006932
35,1395.07,2.33224,3.53738,0.00449,0,0,0,0,0.51775,1.032,0.00357,0.0006536,0.0006536,0.0006536
36,1434.97,2.30797,3.50432,0.0044,0,0,0,0,0.53365,1.18844,0.00339,0.000614,0.000614,0.000614
37,1474.73,2.34971,3.49816,0.00442,0,0,0,0,0.59258,1.25399,0.00378,0.0005744,0.0005744,0.0005744
38,1514.54,2.19053,3.33538,0.0044,0,0,0,0,0.59431,1.20368,0.00373,0.0005348,0.0005348,0.0005348
39,1554.45,2.32691,3.53911,0.00453,0,0,0,0,0.53959,1.16923,0.00347,0.0004952,0.0004952,0.0004952
40,1594.1,2.21743,3.38394,0.00437,0,0,0,0,0.53183,1.34881,0.00339,0.0004556,0.0004556,0.0004556
41,1633.8,1.34575,2.09628,0.00297,0,0,0,0,0.56012,1.017,0.00437,0.000416,0.000416,0.000416
42,1672.49,1.32093,2.13929,0.00261,0,0,0,0,0.50757,0.93695,0.00368,0.0003764,0.0003764,0.0003764
43,1711.06,1.26789,2.13186,0.00259,0,0,0,0,0.50016,0.98799,0.00341,0.0003368,0.0003368,0.0003368
44,1749.7,1.3319,2.15424,0.00274,0,0,0,0,0.49425,0.98497,0.00343,0.0002972,0.0002972,0.0002972
45,1788.29,1.29177,2.17817,0.00255,0,0,0,0,0.47805,0.99532,0.00317,0.0002576,0.0002576,0.0002576
46,1826.91,1.32695,2.19237,0.00265,0,0,0,0,0.48727,0.96711,0.00335,0.000218,0.000218,0.000218
47,1865.45,1.24636,2.14304,0.00254,0,0,0,0,0.49824,0.97768,0.00352,0.0001784,0.0001784,0.0001784
48,1904.1,1.33785,2.22358,0.00273,0,0,0,0,0.4907,0.98709,0.00337,0.0001388,0.0001388,0.0001388
49,1942.73,1.29467,2.11632,0.00267,0,0,0,0,0.4905,0.96669,0.00337,9.92e-05,9.92e-05,9.92e-05
50,1981.52,1.29658,2.18314,0.00267,0,0,0,0,0.48934,0.98384,0.00334,5.96e-05,5.96e-05,5.96e-05
