epoch,time,train/giou_loss,train/cls_loss,train/l1_loss,metrics/precision(B),metrics/recall(B),metrics/mAP50(B),metrics/mAP50-95(B),val/giou_loss,val/cls_loss,val/l1_loss,lr/pg0,lr/pg1,lr/pg2
1,112.457,1.58507,0.54055,0.27554,0.11617,0.04851,0.02171,0.00842,nan,nan,nan,0.00055371,0.00055371,0.00055371
2,210.091,1.3454,0.44771,0.15514,0.40261,0.29147,0.25571,0.0976,1.2112,0.50838,0.11402,0.00108741,0.00108741,0.00108741
3,306.662,1.23522,0.46991,0.12005,0.41985,0.28807,0.27105,0.09725,1.24863,0.47588,0.12147,0.00159911,0.00159911,0.00159911
4,403.904,1.26551,0.46483,0.12661,0.42608,0.31659,0.28671,0.11028,1.24262,0.4732,0.12615,0.00156798,0.00156798,0.00156798
5,501.505,1.18852,0.47743,0.10866,0.40376,0.30342,0.27012,0.10227,1.1583,0.51065,0.0898,0.00153497,0.00153497,0.00153497
6,597.026,1.15749,0.48128,0.09842,0.4173,0.31785,0.29353,0.11301,1.13819,0.50981,0.10484,0.00150197,0.00150197,0.00150197
7,694.67,1.13564,0.48807,0.09452,0.45063,0.32899,0.30696,0.11904,1.13633,0.5141,0.0982,0.00146896,0.00146896,0.00146896
8,792.466,1.20005,0.4778,0.11408,0.47394,0.34868,0.33222,0.12616,1.09407,0.51544,0.08169,0.00143595,0.00143595,0.00143595
9,890.177,1.11689,0.48337,0.08978,0.47193,0.34862,0.33466,0.13028,1.14208,0.4891,0.11236,0.00140295,0.00140295,0.00140295
10,987.527,1.13516,0.48318,0.09705,0.49759,0.35726,0.3493,0.13485,1.08273,0.51097,0.08266,0.00136994,0.00136994,0.00136994
11,1084.9,1.09625,0.4872,0.0883,0.47517,0.34699,0.33049,0.1292,1.08776,0.51232,0.08914,0.00133693,0.00133693,0.00133693
12,1181,1.09723,0.48919,0.09039,0.50498,0.37139,0.36555,0.14584,1.03931,0.51275,0.07986,0.00130393,0.00130393,0.00130393
13,1278,1.05033,0.49405,0.07949,0.509,0.38154,0.36832,0.14409,1.02666,0.53366,0.07278,0.00127092,0.00127092,0.00127092
14,1374.47,1.03445,0.4981,0.07562,0.5244,0.39026,0.38909,0.15703,1.03672,0.50861,0.08298,0.00123791,0.00123791,0.00123791
15,1470.39,1.02575,0.4971,0.07527,0.51382,0.37203,0.36332,0.13552,1.05478,0.50632,0.07234,0.00120491,0.00120491,0.00120491
16,1565.01,1.00952,0.50017,0.07148,0.5247,0.38829,0.3836,0.1547,0.99231,0.50734,0.0738,0.0011719,0.0011719,0.0011719
17,1661.49,1.01577,0.49779,0.0737,0.52892,0.39925,0.39124,0.15035,1.0171,0.51102,0.07489,0.00113889,0.00113889,0.00113889
18,1758.28,0.99085,0.49937,0.06924,0.54483,0.39844,0.39793,0.16057,0.97827,0.52156,0.06459,0.00110589,0.00110589,0.00110589
19,1854.08,0.99758,0.49999,0.07067,0.54574,0.40401,0.40798,0.16486,0.9937,0.51161,0.07142,0.00107288,0.00107288,0.00107288
20,1951.88,0.95695,0.5014,0.06673,0.54301,0.41258,0.41336,0.16975,0.9703,0.52932,0.06669,0.00103987,0.00103987,0.00103987
21,2048.27,0.97978,0.50135,0.06918,0.56346,0.42067,0.42183,0.17087,0.98169,0.51187,0.07468,0.00100687,0.00100687,0.00100687
22,2144.29,0.97053,0.49812,0.06975,0.55005,0.41685,0.41546,0.16796,0.99274,0.51599,0.0712,0.000973861,0.000973861,0.000973861
23,2240.85,0.97159,0.50012,0.06808,0.56108,0.42817,0.42461,0.17428,0.98079,0.50813,0.07319,0.000940855,0.000940855,0.000940855
24,2337.94,0.96129,0.503,0.06473,0.5348,0.43424,0.4312,0.17501,0.96909,0.52174,0.06617,0.000907848,0.000907848,0.000907848
25,2434.6,0.96064,0.50337,0.06566,0.54038,0.42405,0.41783,0.16847,0.98856,0.51974,0.07231,0.000874842,0.000874842,0.000874842
26,2531.12,0.9711,0.50282,0.07009,0.54938,0.41503,0.41626,0.17217,1.00039,0.51305,0.07648,0.000841835,0.000841835,0.000841835
27,2628.58,0.98586,0.50388,0.07058,0.51552,0.39952,0.38911,0.15953,0.99477,0.55235,0.0705,0.000808828,0.000808828,0.000808828
28,2724.87,0.97283,0.49786,0.06765,0.55804,0.43472,0.43535,0.18073,0.9675,0.50998,0.07495,0.000775822,0.000775822,0.000775822
29,2821.81,0.98075,0.50019,0.07117,0.56942,0.41258,0.42131,0.17155,nan,nan,nan,0.000742815,0.000742815,0.000742815
30,2918.85,0.94798,0.50461,0.06304,0.56838,0.41859,0.42565,0.1732,0.97577,0.50849,0.07062,0.000709809,0.000709809,0.000709809
31,3015.76,0.95147,0.50178,0.06558,0.57162,0.4177,0.42774,0.17544,nan,nan,nan,0.000676802,0.000676802,0.000676802
32,3112.46,0.96219,0.49725,0.06437,0.56289,0.41959,0.41991,0.1682,nan,nan,nan,0.000643795,0.000643795,0.000643795
33,3209.25,0.91888,0.5021,0.06054,0.58773,0.4383,0.45403,0.18859,nan,nan,nan,0.000610789,0.000610789,0.000610789
34,3306.4,0.92542,0.50248,0.05918,0.58106,0.42781,0.43702,0.17746,0.95487,nan,0.06292,0.000577782,0.000577782,0.000577782
35,3403.72,0.92477,0.50176,0.06073,0.56738,0.42649,0.43592,0.17792,0.96832,0.51273,0.06779,0.000544776,0.000544776,0.000544776
36,3501.73,0.93093,0.50274,0.06379,0.58793,0.44345,0.45273,0.1874,0.94233,0.50526,0.06308,0.000511769,0.000511769,0.000511769
37,3599.53,0.92388,0.50488,0.06187,0.56953,0.45193,0.45802,0.19135,0.9314,0.51418,0.06238,0.000478762,0.000478762,0.000478762
38,3695.34,0.90738,0.50393,0.05932,0.58875,0.44681,0.4585,0.19157,0.94003,0.51521,0.06606,0.000445756,0.000445756,0.000445756
39,3789.53,0.90382,0.49992,0.05919,0.59693,0.44595,0.46308,0.19564,0.9274,0.50892,0.06468,0.000412749,0.000412749,0.000412749
40,3884.31,0.89735,0.5018,0.05744,0.58952,0.45538,0.46687,0.19453,0.93014,0.50734,0.06329,0.000379743,0.000379743,0.000379743
41,3983.05,0.8334,0.51641,0.05301,0.5863,0.44644,0.45628,0.19274,0.93303,0.51381,0.0645,0.000346736,0.000346736,0.000346736
42,4076.86,0.81335,0.51358,0.05185,0.60527,0.45716,0.47403,0.20328,0.9115,0.51669,0.06101,0.000313729,0.000313729,0.000313729
43,4171.55,0.81932,0.5105,0.05115,0.58208,0.45836,0.46393,0.19804,0.92376,0.51305,0.06405,0.000280723,0.000280723,0.000280723
44,4267.12,0.8086,0.51321,0.05043,0.59555,0.45344,0.46578,0.19768,0.9199,0.51221,0.06373,0.000247716,0.000247716,0.000247716
45,4362.25,0.81833,0.51106,0.05108,0.60073,0.46268,0.47448,0.20233,0.91232,0.51374,0.06027,0.00021471,0.00021471,0.00021471
46,4457.97,0.8009,0.51244,0.04965,0.60977,0.4662,0.47815,0.20378,0.909,0.51306,0.06071,0.000181703,0.000181703,0.000181703
47,4554.37,0.7937,0.50736,0.04975,0.6125,0.46595,0.48164,0.20655,0.90613,0.51162,0.06202,0.000148696,0.000148696,0.000148696
48,4651.66,0.78925,0.50727,0.0493,0.61292,0.47187,0.48693,0.20893,0.89865,0.51113,0.06005,0.00011569,0.00011569,0.00011569
49,4746.99,0.77589,0.50816,0.04767,0.60901,0.46636,0.48159,0.20751,0.8968,0.51498,0.05941,8.26832e-05,8.26832e-05,8.26832e-05
50,4842.46,0.77384,0.50782,0.04716,0.61177,0.471,0.48432,0.20817,0.89787,0.51139,0.06111,4.96766e-05,4.96766e-05,4.96766e-05
